Ticker Symbol,Number of Anomalies,Predicted Total Revenue,Predicted Net Income,Predicted Total Assets,Predicted Earnings Per Share,Total Revenue Y1,Total Revenue Y2,Total Revenue Y3,Total Revenue Y4,Net Income Y1,Net Income Y2,Net Income Y3,Net Income Y4,Total Assets Y1,Total Assets Y2,Total Assets Y3,Total Assets Y4,Earnings Per Share Y1,Earnings Per Share Y2,Earnings Per Share Y3,Earnings Per Share Y4
AAL,0,45816185274.34836,9607380859.39983,54230796758.041595,9.77268357637798,24855000000.0,26743000000.0,42650000000.0,40990000000.0,-1876000000.0,-1834000000.0,2882000000.0,7610000000.0,23510000000.0,42278000000.0,43225000000.0,48415000000.0,-5.6,-11.25,4.02,11.39
ABBV,0,24328141730.121067,3383833217.638809,53907104414.44549,1.7832188985757775,18380000000.0,18790000000.0,19960000000.0,22859000000.0,5275000000.0,4128000000.0,1774000000.0,5144000000.0,27008000000.0,29198000000.0,27513000000.0,53050000000.0,2.58,2.58,1.11,3.15
ABT,0,20588697153.96545,3146177012.273258,41334455988.138824,3.5649767146569977,19050000000.0,19657000000.0,20247000000.0,20405000000.0,5963000000.0,2576000000.0,2284000000.0,4423000000.0,67235000000.0,42953000000.0,41207000000.0,41247000000.0,3.76,1.64,1.5,2.94
ADM,0,67438205014.88987,2245892164.9767995,41946582451.35025,2.812067504716033,90559000000.0,89804000000.0,81201000000.0,67702000000.0,1375000000.0,1342000000.0,2248000000.0,1849000000.0,45136000000.0,43752000000.0,43997000000.0,40157000000.0,2.99,2.03,3.44,2.99
ADS,1,7369505636.41581,653667483.3552686,25788280822.145134,9.226053668156336,3641390000.0,4319063000.0,5302940000.0,6439746000.0,422256000.0,496170000.0,506293000.0,596541000.0,12000139000.0,13244257000.0,20263977000.0,22421830000.0,8.44,10.09,8.72,8.91
AEE,1,6198400579.128573,352168883.0436554,23608657736.4311,2.77725017521721,5781000000.0,5838000000.0,6053000000.0,6098000000.0,-974000000.0,295000000.0,592000000.0,636000000.0,22230000000.0,21042000000.0,22289000000.0,23640000000.0,-4.01,1.19,2.42,2.6
AEP,1,16926493815.28718,2313978577.2639866,64100802853.40098,2.84079449169861,14945000000.0,14813500000.0,16378600000.0,16453200000.0,1259000000.0,1484200000.0,1638000000.0,2052300000.0,54367000000.0,56414000000.0,59544600000.0,61683100000.0,2.6,3.04,3.34,3.04
AFL,1,19809543480.003754,2486363791.064055,118272155633.64218,5.879996648168335,25364000000.0,23939000000.0,22728000000.0,20872000000.0,2866000000.0,3158000000.0,2951000000.0,2533000000.0,131094000000.0,121307000000.0,119767000000.0,118296000000.0,6.14,6.8,6.54,5.88
AIG,1,55438233683.85926,382460263.30153894,482428931342.80365,-1.15727170374063,71214000000.0,68874000000.0,64406000000.0,58327000000.0,3438000000.0,9085000000.0,7529000000.0,2196000000.0,548633000000.0,541329000000.0,515581000000.0,496943000000.0,5.27,6.16,5.27,1.69
AIV,0,982259377.5132732,236213148.14741293,6141818670.356068,1.1754890780647747,958511000.0,974053000.0,984363000.0,981310000.0,132456000.0,207290000.0,309249000.0,248710000.0,6401380000.0,6079413000.0,6097028000.0,6144194000.0,0.61,1.4,2.06,1.52
AKAM,1,2470140127.8209424,314670856.8643914,4703545008.835154,1.6939184474378832,1373947000.0,1577922000.0,1963874000.0,2197448000.0,203989000.0,293487000.0,333948000.0,321406000.0,2600627000.0,2957685000.0,4001546000.0,4187925000.0,1.15,1.65,1.87,1.8
ALB,1,3602197780.082494,249737292.5620439,11967808058.34304,3.307796329791477,2519154000.0,2394270000.0,2445548000.0,3651335000.0,311536000.0,413171000.0,133316000.0,334906000.0,3437291000.0,3584797000.0,5223103000.0,9615014000.0,3.49,4.93,1.69,3.01
ALK,0,5701120586.387908,1112245498.3337908,6873593771.7236395,4.666855893904035,4657000000.0,5156000000.0,5368000000.0,5598000000.0,316000000.0,508000000.0,605000000.0,848000000.0,5505000000.0,5838000000.0,6064000000.0,6533000000.0,4.47,7.26,4.47,6.61
ALL,0,35909006274.80231,2563771641.1539984,99203254349.79648,5.2554743228216605,33315000000.0,34507000000.0,35239000000.0,35653000000.0,2306000000.0,2280000000.0,2850000000.0,2171000000.0,126947000000.0,123520000000.0,108479000000.0,104656000000.0,4.71,4.87,6.37,5.12
AME,0,4052746545.887576,607190658.6802359,6860027118.995273,2.4166459777654348,3334213000.0,3594136000.0,4021964000.0,3974295000.0,459132000.0,516999000.0,584460000.0,590859000.0,5190056000.0,5877902000.0,6420963000.0,6664530000.0,1.9,2.12,2.39,2.46
AMG,1,2509082072.698194,562404755.0729418,8295178757.450873,10.571768261770291,1748600000.0,2069800000.0,2404200000.0,2435900000.0,174000000.0,360500000.0,452100000.0,516000000.0,6187100000.0,6318800000.0,7698100000.0,7784800000.0,3.36,6.79,8.22,9.49
AMP,0,12365194800.523197,1575080086.1290588,145219416350.33118,8.052155648712478,10259000000.0,11230000000.0,12296000000.0,12200000000.0,1029000000.0,1334000000.0,1619000000.0,1562000000.0,134729000000.0,144576000000.0,148810000000.0,145342000000.0,4.7,6.56,8.45,8.6
AMT,1,5401449546.336948,828462534.7056081,29899064904.3676,1.7505345283303921,2875960000.0,3361407000.0,4100048000.0,4771516000.0,637283000.0,551333000.0,824910000.0,685074000.0,14089429000.0,20283665000.0,21263565000.0,26904272000.0,1.61,1.4,2.02,1.42
ANTM,1,81265610814.17339,2569742278.0874414,62353945086.59084,9.612011325880037,61497200000.0,71023500000.0,73874100000.0,79156500000.0,2655500000.0,2489700000.0,2569700000.0,2560000000.0,58955400000.0,59574500000.0,61676300000.0,61717800000.0,8.26,8.34,9.31,9.73
AON,1,11676299220.227324,1457374603.700622,26305959200.19537,4.682198399601107,11514000000.0,11815000000.0,12045000000.0,11682000000.0,993000000.0,1113000000.0,1397000000.0,1385000000.0,30486000000.0,30251000000.0,29772000000.0,27164000000.0,3.03,3.57,4.73,4.93
APA,1,6706205365.225931,-46592221118.83247,16086527678.392456,-107.68329787521922,16428000000.0,14771000000.0,12691000000.0,6383000000.0,2001000000.0,2288000000.0,-5060000000.0,-23528000000.0,60737000000.0,61637000000.0,55952000000.0,18842000000.0,4.95,5.53,-14.06,-61.2
APH,0,5945311721.248315,811113697.8606439,7849358397.244025,2.8178435904266905,4292100000.0,4614700000.0,5345500000.0,5568700000.0,555300000.0,635700000.0,709100000.0,763500000.0,5215463000.0,6168000000.0,6985900000.0,7458400000.0,3.44,4.0,2.26,2.47
ARNC,1,23480302479.063786,-481877724.3578639,36805348215.832886,-0.7241416612470897,23700000000.0,23032000000.0,23906000000.0,22534000000.0,191000000.0,-2285000000.0,268000000.0,-322000000.0,40179000000.0,35742000000.0,37363000000.0,36528000000.0,0.18,-2.14,0.21,-0.31
ATVI,1,4647272356.585777,867209504.6121421,15260395412.562,1.1918561661011704,4856000000.0,4583000000.0,4408000000.0,4664000000.0,1149000000.0,1010000000.0,835000000.0,892000000.0,14200000000.0,14012000000.0,14642000000.0,15251000000.0,1.01,0.96,1.14,1.21
AVB,1,1944443651.2832127,849863601.3273284,17218924440.4211,4.8135715137210635,1000627000.0,1462921000.0,1685061000.0,1856028000.0,423562000.0,352771000.0,697327000.0,741733000.0,11160078000.0,15328143000.0,16140578000.0,16931305000.0,4.34,2.78,5.22,5.54
AWK,1,3259916774.9849463,514931633.11977893,18078171244.989864,2.8213373080145563,2853926000.0,2879000000.0,3011000000.0,3159000000.0,358070000.0,369000000.0,423000000.0,476000000.0,14718976000.0,15088142000.0,16038000000.0,17241000000.0,2.03,2.08,2.36,2.66
AXP,1,34418379889.93807,5039271123.601656,163831734274.66925,4.515463616368035,33781000000.0,34828000000.0,35895000000.0,34441000000.0,4482000000.0,5359000000.0,5885000000.0,5163000000.0,153140000000.0,153375000000.0,159103000000.0,161184000000.0,3.91,4.91,4.41,4.41
BAC,1,92182244381.99718,7096065995.499964,2142373820820.6377,0.5618588491426431,100078000000.0,101697000000.0,95181000000.0,93056000000.0,4188000000.0,11431000000.0,4833000000.0,15888000000.0,2209974000000.0,2102273000000.0,2104534000000.0,2144316000000.0,0.26,0.94,0.36,0.36
BAX,0,10207087150.265015,1686432641.9429216,19744699776.561153,3.971673942003074,13936000000.0,9413000000.0,10719000000.0,9968000000.0,2326000000.0,2012000000.0,2497000000.0,968000000.0,20390000000.0,25224000000.0,26138000000.0,20975000000.0,4.22,3.7,4.61,1.78
BBT,0,10306910214.644854,2209005383.662003,209802206027.33868,2.5578715821719413,10737000000.0,10543000000.0,9998000000.0,10346000000.0,1979000000.0,1680000000.0,2131000000.0,2084000000.0,184499000000.0,183010000000.0,186834000000.0,209947000000.0,2.74,2.22,2.79,2.59
BK,1,14955108684.522772,3105950573.6999974,399767328880.7131,2.846065807591995,14528000000.0,14942000000.0,15649000000.0,14951000000.0,2437000000.0,2104000000.0,2567000000.0,3158000000.0,358990000000.0,374516000000.0,385303000000.0,393780000000.0,2.04,1.75,2.17,2.73
BLL,0,8307451313.147971,354422850.4510417,9518046539.15826,3.2071162895857137,8735700000.0,8468100000.0,8570000000.0,7997000000.0,396300000.0,406800000.0,470000000.0,280900000.0,7507100000.0,7820400000.0,7571000000.0,9777000000.0,2.61,2.79,3.39,2.05
BMY,0,16505847969.081303,1445890562.8786414,31150187641.70512,1.1075636841216832,17621000000.0,16385000000.0,15879000000.0,16560000000.0,1960000000.0,2563000000.0,2004000000.0,1565000000.0,35897000000.0,38592000000.0,33749000000.0,31748000000.0,1.17,1.56,1.21,0.94
BSX,0,7499892442.28026,-718225080.9483248,18099327111.324036,-0.179998895268138,7249000000.0,7143000000.0,7380000000.0,7477000000.0,-4068000000.0,-121000000.0,-119000000.0,-239000000.0,17154000000.0,16571000000.0,17024000000.0,18133000000.0,-2.89,-0.09,-0.09,-0.18
BXP,0,2580162372.563552,560985099.5867248,17913151443.118,3.257421024098558,1847186000.0,2135539000.0,2396998000.0,2490821000.0,289650000.0,749811000.0,443611000.0,583106000.0,15462321000.0,20176264000.0,19886767000.0,18379456000.0,1.93,4.87,2.83,3.79
C,1,67804610194.74184,13080236336.195019,1729983356327.889,2.002139848075746,59581000000.0,67997000000.0,69606000000.0,68024000000.0,7541000000.0,13659000000.0,7310000000.0,17242000000.0,1864660000000.0,1880382000000.0,1842181000000.0,1731210000000.0,2.51,4.35,2.21,5.41
CB,1,18973252469.696598,3007536267.559272,105621928980.31023,9.417646432911594,17936000000.0,19261000000.0,19171000000.0,18987000000.0,2706000000.0,3758000000.0,2853000000.0,2834000000.0,92545000000.0,94510000000.0,98248000000.0,102366000000.0,7.96,11.02,8.5,8.71
CBG,0,12290004488.73403,620808042.679888,10750185429.518589,1.571593656077065,6514099000.0,7184794000.0,9049918000.0,10855810000.0,315555000.0,316538000.0,484503000.0,547132000.0,7809542000.0,6998414000.0,7568010000.0,11017943000.0,0.98,0.96,1.47,1.64
CCI,0,3897964391.7520914,2996445883.062438,22287742588.986855,7.2033795297184255,2432680000.0,2865751000.0,3538756000.0,3663851000.0,188584000.0,90111000.0,390513000.0,1520992000.0,16088709000.0,20594908000.0,21143276000.0,22036245000.0,0.64,0.26,1.04,4.44
CF,1,3998038651.669647,1107630457.5157492,13585075008.212461,8.346512355168667,6104000000.0,5474700000.0,4743200000.0,4308300000.0,1895700000.0,1506300000.0,2183500000.0,664900000.0,10166900000.0,10678100000.0,11254200000.0,12738900000.0,28.94,24.87,27.16,2.97
CFG,1,5318166053.875753,-429888289.5838598,138956687561.4811,1.55,5513000000.0,5133000000.0,5342000000.0,5276000000.0,643000000.0,-3426000000.0,865000000.0,840000000.0,127053000000.0,122154000000.0,132857000000.0,138208000000.0,1.55,1.55,1.55,1.55
CHD,1,3429841488.5204105,411071250.26319635,4255890344.844954,3.156824380846682,2921900000.0,3194300000.0,3297600000.0,3394800000.0,349800000.0,394400000.0,413900000.0,410400000.0,4098100000.0,4259700000.0,4359200000.0,4256900000.0,2.5,2.85,3.06,3.13
CHK,0,8714255179.818853,11565174086.32533,16930744283.152746,-17.930490978295822,12316000000.0,19080000000.0,23125000000.0,12764000000.0,-769000000.0,724000000.0,1917000000.0,-14685000000.0,41611000000.0,41782000000.0,40751000000.0,17357000000.0,-1.46,0.73,1.93,-22.43
CHRW,1,13543862463.588913,490394702.0399345,3326187800.345669,3.106869117119406,11359113000.0,12752076000.0,13470067000.0,13476084000.0,593804000.0,415904000.0,449711000.0,509699000.0,2804225000.0,2802818000.0,3214338000.0,3184358000.0,3.68,2.65,3.06,3.52
CI,1,40495715206.08764,2301355203.47589,58202307959.73954,7.968788028306778,29119000000.0,32380000000.0,34914000000.0,37876000000.0,1623000000.0,1476000000.0,2102000000.0,2094000000.0,53734000000.0,54336000000.0,55870000000.0,57088000000.0,5.7,5.28,7.97,8.17
CINF,0,5327774893.59649,628137490.217126,19144166574.809887,4.2118887307942385,4111000000.0,4531000000.0,4945000000.0,5142000000.0,421000000.0,517000000.0,525000000.0,634000000.0,16548000000.0,17662000000.0,18748000000.0,18888000000.0,2.59,3.16,3.21,3.87
CL,1,16008834612.771982,1325304106.4934,11883873643.926859,0.8559752004718826,17085000000.0,17420000000.0,17277000000.0,16034000000.0,2472000000.0,2241000000.0,2180000000.0,1384000000.0,13394000000.0,13985000000.0,13459000000.0,11958000000.0,5.19,2.41,2.38,1.53
CME,0,3350038026.53146,1363406588.6675303,67656642027.96799,3.875295858802698,2782400000.0,2784900000.0,2993100000.0,3209400000.0,896300000.0,976800000.0,1127100000.0,1247000000.0,38863200000.0,54277800000.0,72241500000.0,67371500000.0,2.71,2.94,3.37,3.71
CNC,1,27602485157.209568,443700250.64958096,8838840604.682251,2.3938896527322076,8110000000.0,10863000000.0,16560000000.0,22760000000.0,2000000.0,165000000.0,271000000.0,355000000.0,2773905000.0,3529000000.0,5824000000.0,7339000000.0,0.04,2.98,2.3,2.99
CNP,0,7279763395.83579,1116037118.07138,22676133479.53099,0.2691261876291262,7452000000.0,8106000000.0,9226000000.0,7386000000.0,417000000.0,311000000.0,611000000.0,-692000000.0,22871000000.0,21870000000.0,23200000000.0,21334000000.0,0.98,0.73,1.42,-1.61
COF,0,24505569225.03627,3989246369.1620965,332863402431.9046,6.777922676654058,23771000000.0,24176000000.0,23869000000.0,25038000000.0,3492000000.0,4121000000.0,4428000000.0,4050000000.0,312918000000.0,296933000000.0,308167000000.0,334048000000.0,6.21,7.05,7.71,7.15
COG,1,1118780424.965991,-148573155.36374646,5295444242.830101,-0.5487889318696699,1204546000.0,1746278000.0,2173011000.0,1357150000.0,131730000.0,279773000.0,104468000.0,-113891000.0,4616313000.0,4981080000.0,5437716000.0,5261899000.0,0.63,0.67,0.25,-0.28
CTL,1,17868024391.15866,580708675.8545527,46006888312.553795,0.9059513508357407,18376000000.0,18095000000.0,18031000000.0,17900000000.0,777000000.0,-239000000.0,772000000.0,878000000.0,53940000000.0,51787000000.0,49103000000.0,47604000000.0,1.25,-0.4,1.36,1.58
CTSH,1,14101208858.223564,1813680687.092853,15220304315.460941,3.0063292690114922,7346472000.0,8843200000.0,10262700000.0,12416000000.0,1051263000.0,1228600000.0,1439300000.0,1623600000.0,6521571000.0,8134718000.0,11479000000.0,13065400000.0,3.49,4.07,2.37,2.67
CVX,1,124219068856.52827,7551942369.172571,267544121953.26505,-0.005832742888833842,230590000000.0,220156000000.0,200494000000.0,129925000000.0,26179000000.0,21423000000.0,19241000000.0,4587000000.0,232982000000.0,253753000000.0,266026000000.0,266103000000.0,13.42,11.18,10.21,2.46
CXO,1,1619920573.782058,382678313.97469753,13977533441.588238,5.3747690863759905,1819814000.0,2319919000.0,2660147000.0,1803573000.0,431689000.0,251003000.0,538175000.0,65900000.0,8589437000.0,9591164000.0,11751780000.0,12641876000.0,4.18,2.39,4.89,0.54
D,0,11648142877.770193,1445139943.838797,62766937683.77624,2.078249452224547,12835000000.0,13120000000.0,12436000000.0,11683000000.0,302000000.0,1697000000.0,1310000000.0,1899000000.0,46838000000.0,50096000000.0,54327000000.0,58797000000.0,0.53,2.93,2.25,3.21
DFS,1,10337505778.727713,2274319807.9955916,90576137238.12502,4.939858358546111,8984000000.0,9370000000.0,9611000000.0,10002000000.0,2345000000.0,2470000000.0,2323000000.0,2297000000.0,75283000000.0,79340000000.0,83126000000.0,86936000000.0,4.47,4.97,4.91,5.14
DGX,0,7531623211.57476,798626235.5280503,10154081299.310133,4.179461663268389,7383000000.0,7146000000.0,7435000000.0,7493000000.0,556000000.0,849000000.0,556000000.0,709000000.0,9284000000.0,8948000000.0,9857000000.0,9962000000.0,3.49,5.58,3.83,4.92
DHR,1,21319493966.160873,3322377742.5361614,53157355910.10741,4.382194869812395,18260400000.0,18283100000.0,19154000000.0,20563100000.0,2392200000.0,2695000000.0,2598400000.0,3357400000.0,32941000000.0,34672200000.0,36991700000.0,48222200000.0,3.45,3.87,3.7,4.81
DLR,2,1872733612.593778,292446967.8265824,11074217393.817213,1.5370821676031918,1279067000.0,1482259000.0,1616438000.0,1763336000.0,210334000.0,314488000.0,200183000.0,296689000.0,8819214000.0,9626830000.0,9526784000.0,11451267000.0,1.48,2.12,1.0,1.56
DNB,0,1634004169.9794493,231195722.86289987,2260636531.920307,7.917427546297754,1663000000.0,1558400000.0,1584500000.0,1637100000.0,295500000.0,258500000.0,294400000.0,168800000.0,1991800000.0,1890300000.0,1986200000.0,2273600000.0,6.47,6.61,8.06,4.68
DUK,1,23316887934.715683,3126844899.5857744,123514802232.08965,2.525501879990373,17912000000.0,22756000000.0,23925000000.0,23459000000.0,1768000000.0,2665000000.0,1883000000.0,2816000000.0,113856000000.0,114779000000.0,120557000000.0,121156000000.0,0.21,3.77,2.66,4.05
DVA,0,14196945840.726294,239566475.76835036,19149421470.240894,2.7055942939832804,8186280000.0,11764050000.0,12795106000.0,13781837000.0,536017000.0,633446000.0,723114000.0,269732000.0,16014633000.0,17098877000.0,17617432000.0,18514875000.0,5.58,3.02,3.41,1.27
ECL,1,13509486239.5929,946825094.0096238,18549544575.256306,3.0420954214040368,11838700000.0,13253400000.0,14280500000.0,13545100000.0,703600000.0,967800000.0,1202800000.0,1002100000.0,17572300000.0,19636500000.0,19427400000.0,18641700000.0,2.41,3.23,4.01,3.38
EFX,0,2858087573.9610343,465818559.9480729,4509622278.043742,4.00005223647003,2073000000.0,2303900000.0,2436400000.0,2663600000.0,272100000.0,351800000.0,367400000.0,429100000.0,4520100000.0,4539900000.0,4661000000.0,4509000000.0,2.27,2.9,3.03,3.61
EIX,1,11428599638.702988,725107151.4109788,51308654331.74055,1.595742511192197,11862000000.0,12581000000.0,13413000000.0,11524000000.0,-92000000.0,1015000000.0,1721000000.0,1117000000.0,44394000000.0,46646000000.0,49734000000.0,50310000000.0,-0.56,2.81,4.95,3.13
EMN,1,9666630099.804811,761578876.9597832,16801266631.865627,5.514968258585344,8102000000.0,9350000000.0,9527000000.0,9648000000.0,437000000.0,1165000000.0,751000000.0,848000000.0,11710000000.0,11845000000.0,16072000000.0,15611000000.0,3.0,7.57,5.03,5.71
EOG,1,8175135782.11429,6105881506.301819,26326142663.425453,-17.43074772506442,11682636000.0,14487118000.0,18035340000.0,8757428000.0,570279000.0,2197109000.0,2915487000.0,-4524515000.0,27336578000.0,30574238000.0,34762687000.0,26975244000.0,2.13,8.13,5.36,-8.29
EQIX,1,3004150083.8348813,-117598126.70233959,11730423140.345133,-0.09651985023517451,1887376000.0,2152766000.0,2443776000.0,2725867000.0,140028000.0,94685000.0,-259547000.0,187774000.0,6135797000.0,7492359000.0,7781978000.0,10356695000.0,3.01,1.92,-4.96,3.25
EQR,1,2793890316.19969,828498127.8908387,23232028796.19021,3.118683360720407,1747502000.0,2387702000.0,2614748000.0,2744965000.0,841719000.0,1830613000.0,631308000.0,870120000.0,17201000000.0,22834545000.0,22950614000.0,23157328000.0,2.729,5.155,1.736,2.37
ES,1,8043930314.790975,913147921.4906564,30765875312.745914,2.97845448104006,6273787000.0,7301204000.0,7741856000.0,7954827000.0,525945000.0,786007000.0,819546000.0,878485000.0,28302824000.0,27795537000.0,29740387000.0,30580309000.0,1.9,2.49,2.59,2.77
ESS,1,1409347876.5755732,226325395.83483118,14128440662.798458,3.6946585526220663,535153000.0,610590000.0,970938000.0,1194407000.0,125284000.0,156283000.0,122150000.0,232120000.0,4847223000.0,5186839000.0,11526732000.0,12005091000.0,3.42,4.06,3.5,3.5
ETFC,0,1391285359.801728,232600980.00057513,45281452651.9305,0.6373940738629051,1365000000.0,1466000000.0,1665000000.0,1403000000.0,-113000000.0,86000000.0,293000000.0,268000000.0,47386739000.0,46280000000.0,45530000000.0,45427000000.0,-0.39,0.3,1.02,0.92
ETN,1,20207020803.02498,2131622047.6981902,29845380675.115265,3.939843812937105,16311000000.0,22046000000.0,22552000000.0,20855000000.0,1217000000.0,1861000000.0,1793000000.0,1979000000.0,35810000000.0,35491000000.0,33529000000.0,31031000000.0,3.54,3.93,3.78,4.25
ETR,1,11463895693.386267,582728280.2473066,44823792261.13261,2.1898780808574387,10302079000.0,11390947000.0,12494921000.0,11513251000.0,868363000.0,730572000.0,960257000.0,-156734000.0,43202502000.0,43406446000.0,46414455000.0,44647681000.0,4.77,3.99,5.24,-0.99
EW,2,2690107986.67055,672032389.0920302,4669486819.930405,4.638861794564303,1899600000.0,2045500000.0,2322900000.0,2493700000.0,291500000.0,389100000.0,811100000.0,494900000.0,2221500000.0,2709900000.0,3523000000.0,4059300000.0,2.55,3.51,7.62,2.3
EXPD,2,6818717022.040614,497760515.11069673,2573944119.709862,2.973359183548399,5992215000.0,6080257000.0,6564721000.0,6616632000.0,333360000.0,348526000.0,376888000.0,457223000.0,2954125000.0,3014812000.0,2890905000.0,2582438000.0,1.58,1.69,1.92,2.42
EXR,1,906376895.5313648,410315039.60997283,6999919431.567036,1.5799999964258924,409396000.0,520613000.0,647155000.0,782270000.0,208922000.0,309931000.0,367258000.0,394950000.0,3223477000.0,3977140000.0,4381987000.0,6071407000.0,1.15,1.54,1.54,1.58
FBHS,1,5057851794.282991,282235958.22058904,4716952811.0145855,1.3276979657307677,3134800000.0,3703600000.0,4013600000.0,4579400000.0,118700000.0,229700000.0,158100000.0,315000000.0,3873900000.0,4178100000.0,4052900000.0,4878600000.0,0.74,1.39,0.98,1.97
FCX,1,14998840698.264648,-29509046671.841232,43216974045.36968,-21.681665270382688,18010000000.0,20921000000.0,21438000000.0,15877000000.0,3100000000.0,2680000000.0,-551000000.0,-12156000000.0,35440000000.0,63473000000.0,58674000000.0,46577000000.0,3.2,2.65,-1.26,-11.31
FE,1,15042957302.178633,432156156.59599495,52294926195.35537,1.2951734389793208,15255000000.0,14892000000.0,15049000000.0,15026000000.0,770000000.0,392000000.0,299000000.0,578000000.0,50494000000.0,50424000000.0,51648000000.0,52187000000.0,1.85,0.94,1.37,1.37
FIS,0,6796150285.176547,681135187.0385469,30072507847.63555,2.174277343033852,5795800000.0,6063400000.0,6413800000.0,6595200000.0,481100000.0,517700000.0,706900000.0,650800000.0,13549700000.0,13960100000.0,14520500000.0,26268800000.0,1.58,1.7,2.38,2.22
FISV,0,5380551083.184487,722361487.3247365,9331628964.196152,3.1638939995433804,4436000000.0,4814000000.0,5066000000.0,5254000000.0,611000000.0,648000000.0,754000000.0,712000000.0,8497000000.0,9513000000.0,9308000000.0,9340000000.0,4.5,2.47,3.03,3.04
FLIR,1,1566036825.6897917,233900256.77501482,2410377714.17774,1.790256658086413,1405358000.0,1496372000.0,1530654000.0,1557067000.0,222398000.0,177015000.0,200261000.0,241686000.0,2190655000.0,2343359000.0,2349311000.0,2406400000.0,1.47,1.24,1.42,1.73
FMC,0,3284182484.051275,434123820.795831,6528626485.268417,4.434194027204245,3409900000.0,3130700000.0,3258700000.0,3276500000.0,416200000.0,293900000.0,307500000.0,489000000.0,4373900000.0,5235200000.0,5326000000.0,6325900000.0,3.01,2.16,2.3,3.66
FSLR,0,3576168512.4354634,385391737.6013793,7037972699.940221,6.697064111956022,3368545000.0,3309616000.0,3391187000.0,3578995000.0,-96338000.0,350718000.0,395964000.0,546421000.0,6348692000.0,6883502000.0,6720991000.0,7316331000.0,-1.11,3.77,3.97,5.42
FTR,1,5536033559.457562,172089189.49876416,26952255752.76066,-0.2367340535376996,5011853000.0,4762000000.0,4772000000.0,5576000000.0,46273000.0,-47000000.0,133000000.0,-196000000.0,17733631000.0,16635484000.0,18810000000.0,27084000000.0,0.14,0.11,0.13,-0.29
GGP,1,2401001328.2592354,1570188587.4277115,23381773695.39378,2.785,2426301000.0,2486017000.0,2535559000.0,2403906000.0,-481233000.0,302528000.0,665850000.0,1374561000.0,27282405000.0,25762303000.0,25281632000.0,24073555000.0,2.785,2.785,2.785,2.785
GILD,1,39964725787.4065,22632101975.975105,61711808776.14712,12.820561943458108,9702000000.0,11202000000.0,24890000000.0,32639000000.0,2592000000.0,3075000000.0,12101000000.0,18108000000.0,21239838000.0,22579000000.0,34664000000.0,51839000000.0,1.71,2.01,7.95,12.37
GPC,1,15509078479.239412,708041207.0961283,8183629948.262961,4.584708352303432,13013868000.0,14077843000.0,15341647000.0,15280044000.0,648041000.0,684959000.0,711286000.0,705672000.0,6807061000.0,7680297000.0,8246238000.0,8144771000.0,4.17,4.43,4.64,4.65
GRMN,1,2921633853.3164935,414356925.4578205,4492031399.952952,2.53514647981692,2715675000.0,2631851000.0,2870658000.0,2820270000.0,542403000.0,612412000.0,364211000.0,456227000.0,4819124000.0,4879603000.0,4693303000.0,4499391000.0,2.78,3.13,1.89,2.39
GWW,1,10079352741.801157,763825708.6283878,6133543476.336845,11.733197521310842,8950045000.0,9437758000.0,9964953000.0,9973384000.0,689881000.0,797036000.0,801729000.0,768996000.0,5014598000.0,5266328000.0,5283049000.0,5857755000.0,9.71,11.31,11.59,11.69
HAS,1,4565600214.739323,469703261.6494487,4851475428.674851,3.14943668669413,4088983000.0,4082157000.0,4277207000.0,4447509000.0,335999000.0,286198000.0,415930000.0,451838000.0,4325387000.0,4402267000.0,4518100000.0,4720717000.0,3.24,2.2,3.24,3.61
HBAN,0,3143479678.320338,673255263.702655,75982584485.11699,0.8199999982099557,3036584000.0,2872833000.0,2955641000.0,3153251000.0,631290000.0,641282000.0,632392000.0,692957000.0,56153185000.0,59467174000.0,66298010000.0,71044551000.0,0.71,0.73,0.73,0.82
HCA,1,41886609970.31625,2133474497.7063553,34289799821.40711,5.362076439347574,33013000000.0,34182000000.0,36918000000.0,39678000000.0,1605000000.0,1556000000.0,1875000000.0,2129000000.0,28075000000.0,28831000000.0,30980000000.0,32744000000.0,3.65,3.5,4.3,5.14
HCN,1,4051651565.9829845,1004730523.7621229,32169154211.22501,2.23716232143205,1765979000.0,2847945000.0,3305879000.0,3775685000.0,298030000.0,145959000.0,502595000.0,849073000.0,19549109000.0,23083957000.0,24962923000.0,29023845000.0,0.99,0.28,1.46,2.35
HES,1,6587692612.5894165,-5241663395.122797,32346797622.153225,-20.89719922995718,12245000000.0,11905000000.0,10737000000.0,6636000000.0,2025000000.0,5052000000.0,2317000000.0,-3056000000.0,43441000000.0,42754000000.0,38407000000.0,34195000000.0,5.98,15.01,7.63,-10.78
HIG,0,17782397943.230274,2622837646.7289286,213674449409.5544,6.284763316056128,22086000000.0,20673000000.0,18614000000.0,18377000000.0,-38000000.0,176000000.0,798000000.0,1682000000.0,298513000000.0,277884000000.0,245013000000.0,228348000000.0,-0.18,0.37,1.81,4.05
HOG,2,6000489599.976389,742805781.0016824,10262751703.537945,3.4654395976259385,5580506000.0,5899872000.0,6228508000.0,5995402000.0,623925000.0,733993000.0,844611000.0,752207000.0,9170773000.0,9405040000.0,9528097000.0,9991167000.0,2.75,3.3,3.9,3.71
HSIC,0,10958031531.731216,490073929.6882278,6892791457.493096,5.877250507045313,8939967000.0,9560647000.0,10371390000.0,10629719000.0,388076000.0,431554000.0,466077000.0,479058000.0,5333997000.0,5624636000.0,6138807000.0,6504740000.0,4.44,5.02,5.53,5.78
HST,0,5453282239.877497,374238469.6300075,11441306407.070284,0.20217856803380477,5059000000.0,5166000000.0,5354000000.0,5387000000.0,61000000.0,317000000.0,732000000.0,558000000.0,12994000000.0,12814000000.0,12172000000.0,11784000000.0,0.08,0.16,0.34,0.22
HSY,0,7409033256.685812,434032714.9589572,5315566101.177221,2.785,6644252000.0,7146079000.0,7421768000.0,7386626000.0,660931000.0,820470000.0,846912000.0,512951000.0,4754839000.0,5357488000.0,5622870000.0,5344371000.0,2.785,2.785,2.785,2.785
IBM,0,77341517720.9041,12417957167.2305,109711471984.96686,13.74089783827633,102874000000.0,98367000000.0,92793000000.0,81741000000.0,16604000000.0,16483000000.0,12022000000.0,13190000000.0,119213000000.0,126223000000.0,117271000000.0,110495000000.0,14.53,15.06,11.97,13.48
IDXX,0,1704661591.4778233,185824752.92540354,1570319643.4566586,2.60323808394973,1293338000.0,1377058000.0,1485807000.0,1601892000.0,178267000.0,187800000.0,181906000.0,192078000.0,1103602000.0,1230516000.0,1384211000.0,1474993000.0,3.24,3.53,3.63,2.07
IFF,1,3031055310.369609,423964294.9982509,3878933307.1613398,5.0564902543187165,2821446000.0,2952896000.0,3088533000.0,3023189000.0,254134000.0,353544000.0,414543000.0,419247000.0,3246192000.0,3331731000.0,3494621000.0,3721454000.0,3.11,4.32,5.09,5.19
IP,0,22271487039.028885,779629413.5191617,30384745111.958885,2.0984425076889166,21852000000.0,23483000000.0,23617000000.0,22365000000.0,794000000.0,1395000000.0,555000000.0,938000000.0,32153000000.0,31528000000.0,28684000000.0,30587000000.0,1.82,3.15,1.3,2.25
IPG,0,7781163694.055123,499105936.217993,12554791574.584862,0.9614268192318596,6956200000.0,7122300000.0,7537100000.0,7613800000.0,446700000.0,267900000.0,477100000.0,454600000.0,13493900000.0,12905000000.0,12736600000.0,12585100000.0,1.01,0.62,1.14,1.11
IRM,0,3008692479.925272,306567365.32102394,6340778070.115957,1.2087467182366827,3003955000.0,3024623000.0,3117693000.0,3007976000.0,170922000.0,96462000.0,326119000.0,123241000.0,6358339000.0,6653005000.0,6523265000.0,6350587000.0,0.99,0.51,1.67,0.58
IVZ,0,5189538899.992706,959462704.2779261,27559285043.596245,2.301812400223105,4050400000.0,4644600000.0,5147100000.0,5122900000.0,587300000.0,940300000.0,988100000.0,968100000.0,17492400000.0,19270500000.0,20450000000.0,25073200000.0,1.5,2.1,2.27,2.26
JBHT,1,6308142379.574545,466058013.7144228,3963534098.998771,4.113585229194134,5054980000.0,5584571000.0,6165441000.0,6187646000.0,310354000.0,342382000.0,374792000.0,427235000.0,2464641000.0,2819404000.0,3378486000.0,3636567000.0,2.64,2.92,3.2,3.69
JNPR,1,4766737228.373115,-353810756.0462589,8164196231.213894,-0.5591703965300154,4365400000.0,4669100000.0,4627100000.0,4857800000.0,186500000.0,439800000.0,-334300000.0,633700000.0,9832100000.0,10326000000.0,8281400000.0,8619200000.0,0.36,0.88,-0.73,1.62
JPM,1,89178683199.46323,24288064704.063145,2348653273937.261,5.738911026585186,93646000000.0,97142000000.0,91973000000.0,89716000000.0,21284000000.0,17886000000.0,21745000000.0,24442000000.0,2359141000000.0,2415689000000.0,2572274000000.0,2351698000000.0,5.22,4.39,5.34,6.05
KIM,1,1290181403.088806,1168820978.4928195,11336529502.606012,3.1324373196443736,793373000.0,861527000.0,993897000.0,1166769000.0,266073000.0,236281000.0,424001000.0,894115000.0,9751234000.0,9663630000.0,10261400000.0,11344171000.0,0.42,0.43,0.89,2.01
KO,0,43205645842.46577,7062991554.389082,90064207380.57185,1.7057243150287962,48017000000.0,46854000000.0,45998000000.0,44294000000.0,9019000000.0,8584000000.0,7098000000.0,7351000000.0,86174000000.0,90055000000.0,92023000000.0,90093000000.0,2.0,1.94,1.62,1.69
LEG,0,4083388228.1039224,167321288.29034203,3082859469.511408,1.0067613567598612,3414500000.0,3477200000.0,3782300000.0,3917200000.0,250500000.0,199700000.0,101200000.0,329200000.0,3254900000.0,3108100000.0,3140600000.0,2967600000.0,1.72,1.36,0.69,2.31
LH,1,9616759712.595858,411664167.7464974,15986140781.021353,6.253756821603953,5671400000.0,5808300000.0,6011600000.0,8680100000.0,583100000.0,573800000.0,511200000.0,436900000.0,6795000000.0,6965900000.0,7301800000.0,14221700000.0,6.09,6.36,6.225,6.225
LKQ,0,7961060078.238924,471143691.5037074,5926789390.58818,0.88,4122930000.0,5062528000.0,6740064000.0,7192633000.0,261225000.0,311623000.0,381519000.0,423223000.0,3723456000.0,4518774000.0,5475739000.0,5647837000.0,0.88,0.88,0.88,0.88
LLL,0,10383407047.015142,-321813058.87880266,12055725894.342163,-5.860230224102381,13107000000.0,11420000000.0,10986000000.0,10466000000.0,784000000.0,751000000.0,664000000.0,-240000000.0,13800000000.0,14007000000.0,13715000000.0,12085000000.0,8.41,8.7,7.78,-2.97
LLY,1,18959694331.54575,2641325996.6154313,35611030901.115074,2.6718478728920916,22603400000.0,23113100000.0,19615600000.0,19958700000.0,4088600000.0,4684800000.0,2390500000.0,2408400000.0,34398900000.0,35248700000.0,36307600000.0,35568900000.0,3.67,4.33,2.23,2.27
LNT,1,3249293972.3012385,388645693.5039331,13061074557.517939,3.220351968748957,3094500000.0,3276800000.0,3350300000.0,3253600000.0,335700000.0,376200000.0,393300000.0,388400000.0,10785500000.0,11112400000.0,12063500000.0,12495200000.0,2.89,3.23,3.46,3.36
LUK,1,10056513952.21362,308800828.32566166,50478531435.08917,0.5963093559172505,7810610000.0,9531778000.0,10681897000.0,10116502000.0,864641000.0,362193000.0,199025000.0,252111000.0,9349118000.0,47866781000.0,52623908000.0,46339812000.0,3.49,1.07,0.54,0.74
LVLT,1,8824873497.331408,6746825174.065421,27545286595.084198,13.782026744114713,6376000000.0,6313000000.0,6777000000.0,8229000000.0,-422000000.0,-109000000.0,314000000.0,3433000000.0,13307000000.0,12874000000.0,20947000000.0,24145000000.0,-1.96,-0.49,1.23,9.71
LYB,1,37730229195.73404,4586331020.421514,22369074625.70141,11.150134739156035,45352000000.0,44062000000.0,45608000000.0,32735000000.0,2848000000.0,3857000000.0,4174000000.0,4476000000.0,24220000000.0,27298000000.0,24221000000.0,22757000000.0,4.97,6.8,8.03,9.62
MAA,0,1225420903.9140103,610057598.1240466,7648930128.037649,3.287288611176104,475888000.0,635490000.0,992332000.0,1042779000.0,109825000.0,119279000.0,156277000.0,350745000.0,2751068000.0,6841925000.0,6821778000.0,6847781000.0,2.56,2.27,1.97,4.41
MAC,0,1407858768.4316678,1415076933.3657465,13112911619.39786,5.1890975977683915,797517000.0,1029475000.0,1105247000.0,1288149000.0,337426000.0,420090000.0,1499042000.0,487562000.0,9311209000.0,9075250000.0,13121778000.0,11258576000.0,2.51,3.01,10.46,3.08
MAR,1,15145090010.787176,954334298.9535815,6028681404.302645,3.2020942672254344,11814000000.0,12784000000.0,13796000000.0,14486000000.0,571000000.0,626000000.0,753000000.0,859000000.0,6342000000.0,6794000000.0,6833000000.0,6082000000.0,2.6,2.05,2.6,3.22
MAT,0,5674933252.80218,368264098.3884653,6727260277.034942,1.1582773956231116,6420881000.0,6484892000.0,6023819000.0,5702613000.0,776464000.0,903944000.0,498874000.0,369416000.0,6526785000.0,6439626000.0,6721983000.0,6552689000.0,2.25,2.61,1.46,1.08
MCD,1,25367433218.84797,4398675015.535814,36483289842.76038,4.926899066564166,27567000000.0,28105700000.0,27441300000.0,25413000000.0,5464800000.0,5585900000.0,4757800000.0,4529300000.0,35386500000.0,36626300000.0,34227400000.0,37938700000.0,5.41,5.59,4.85,4.82
MCO,1,3671864952.779174,961525588.7534356,5508083123.739653,4.427852035493409,2730300000.0,2972500000.0,3334300000.0,3484500000.0,690000000.0,804500000.0,988700000.0,941300000.0,3960900000.0,4395100000.0,4669000000.0,5123400000.0,3.09,3.67,4.69,4.7
MDLZ,1,29574645096.198627,3802255751.6656485,59770715606.96694,2.217109468099277,35015000000.0,35299000000.0,34244000000.0,29636000000.0,3067000000.0,3915000000.0,2184000000.0,7267000000.0,75477000000.0,72515000000.0,66771000000.0,62843000000.0,1.7,2.21,1.29,4.49
MET,1,72685916807.60175,4582709498.09861,876786503334.2079,3.811818302818879,68150000000.0,68199000000.0,73316000000.0,69951000000.0,1324000000.0,3368000000.0,6309000000.0,5310000000.0,836781000000.0,885296000000.0,902337000000.0,877933000000.0,1.12,2.94,5.48,4.61
MHK,0,8150804699.703191,735697038.7047327,10396211184.813974,5.7062020162289,5787980000.0,7348754000.0,7803446000.0,8071563000.0,250258000.0,348786000.0,531965000.0,615302000.0,6303684000.0,8494177000.0,8285544000.0,9942364000.0,3.63,4.86,7.3,2.59
MJN,0,4049797176.3603086,642069457.9470544,4243331463.7967296,3.244904847546113,3901300000.0,4200700000.0,4409300000.0,4071300000.0,580400000.0,683800000.0,719800000.0,653500000.0,3258200000.0,3474100000.0,3763800000.0,3998100000.0,2.96,3.2,3.55,3.28
MLM,1,4032728622.9064302,485460011.7524375,8128281166.100905,4.919271721580078,2031901000.0,2155551000.0,2957951000.0,3539570000.0,84474000.0,121337000.0,155601000.0,288792000.0,3160926000.0,3259826000.0,7219754000.0,6961732000.0,1.83,2.62,2.73,4.31
MMC,1,13040383923.696232,1695294836.3869014,18656333043.92471,3.2899776945685257,11924000000.0,12261000000.0,12951000000.0,12893000000.0,1176000000.0,1357000000.0,1465000000.0,1599000000.0,16288000000.0,16980000000.0,17793000000.0,18216000000.0,2.16,2.47,2.69,3.01
MNST,2,2942283718.3753514,613117487.9064457,11584747270.1005,2.785,2060702000.0,2246428000.0,2464867000.0,2722564000.0,340020000.0,338661000.0,483185000.0,546733000.0,1043325000.0,1420509000.0,1938875000.0,5675189000.0,2.785,2.785,2.785,2.785
MO,0,25428429939.338417,5475025309.506854,31745553862.989723,2.643885459458468,24618000000.0,24466000000.0,24522000000.0,25434000000.0,4180000000.0,4535000000.0,5070000000.0,5241000000.0,35329000000.0,34859000000.0,34475000000.0,32535000000.0,2.06,2.26,2.56,2.67
MPC,0,66059494127.792404,2712191905.689082,48156891532.16594,8.215647508724079,82243000000.0,100160000000.0,97817000000.0,72051000000.0,3389000000.0,2112000000.0,2524000000.0,2852000000.0,27223000000.0,28385000000.0,30425000000.0,43115000000.0,9.95,6.69,8.84,5.29
MRK,0,37530166073.32786,10431572068.186386,101101855266.74055,2.7212996755201413,47267000000.0,44033000000.0,42237000000.0,39498000000.0,6168000000.0,4404000000.0,11920000000.0,4442000000.0,106132000000.0,105645000000.0,98167000000.0,101779000000.0,2.03,1.49,4.12,1.58
MRO,1,5538148056.354613,4730861951.088253,32281430802.137608,3.3527343540007433,11966000000.0,11325000000.0,10846000000.0,5522000000.0,1582000000.0,1753000000.0,3046000000.0,-2204000000.0,35306000000.0,35620000000.0,35983000000.0,32311000000.0,2.24,2.49,4.48,-3.26
MTB,1,4848467578.23089,1065172027.6470132,135700463571.28851,7.5289467398872585,4608955000.0,4822539000.0,4736150000.0,4995881000.0,1029498000.0,1138480000.0,1066246000.0,1079667000.0,83008803000.0,85162391000.0,96685535000.0,122787884000.0,7.57,8.26,7.47,7.22
MUR,1,2387223378.2509065,-6099456064.987526,11419954153.285145,-16.05867775201209,4608563000.0,5312686000.0,5288933000.0,2787116000.0,970876000.0,1123473000.0,905611000.0,-2270833000.0,17522643000.0,17509484000.0,16723738000.0,11493812000.0,5.01,5.98,5.06,-13.03
NDAQ,0,3329133666.3194265,440121711.0822774,11822193814.102,2.660940172897298,3023000000.0,3100000000.0,3383000000.0,3292000000.0,352000000.0,385000000.0,414000000.0,428000000.0,9132000000.0,12577000000.0,12071000000.0,11861000000.0,2.09,2.3,2.45,2.56
NEE,1,18318212811.97011,3023399808.189338,88455343522.11465,5.9574855586013875,14256000000.0,15136000000.0,17021000000.0,17486000000.0,1911000000.0,1908000000.0,2465000000.0,2752000000.0,64439000000.0,69306000000.0,74605000000.0,82479000000.0,4.59,4.5,5.67,6.11
NEM,0,7581559960.597063,-142732335.69187325,25133941304.545208,-0.9808475850396001,9964000000.0,8414000000.0,7292000000.0,7729000000.0,1802000000.0,-2534000000.0,508000000.0,220000000.0,29650000000.0,24607000000.0,24916000000.0,25182000000.0,3.65,-4.94,1.02,0.43
NFX,1,1487433740.5284698,2321663811.5477676,3966290390.172057,-1.4732234248025087,1562000000.0,1857000000.0,2288000000.0,1557000000.0,-1184000000.0,147000000.0,900000000.0,-3362000000.0,7912000000.0,9321000000.0,9580000000.0,4768000000.0,-8.8,0.94,6.59,-21.18
NOV,1,14226483135.482077,545532655.031199,25946704144.403957,-0.9098123262498401,17194000000.0,19221000000.0,21440000000.0,14757000000.0,2491000000.0,2327000000.0,2502000000.0,-769000000.0,31484000000.0,34812000000.0,33562000000.0,26725000000.0,5.86,5.46,5.85,-1.99
NTRS,1,5076277390.0804405,1068228525.2709345,123154213388.59142,4.773143034087614,4193500000.0,4311700000.0,4512600000.0,4856500000.0,687300000.0,731300000.0,811800000.0,973800000.0,97463800000.0,102947300000.0,109946500000.0,116749600000.0,2.82,3.01,3.34,4.03
NUE,1,18682691818.851715,538199541.8922985,14153273762.126095,2.049014421855488,19429273000.0,19052046000.0,21105141000.0,16439276000.0,504619000.0,488025000.0,713946000.0,357659000.0,14152059000.0,15203283000.0,15615927000.0,14250399000.0,1.58,1.52,2.22,1.11
NWL,0,6050449606.947681,337807384.9559033,7267123811.189056,1.413206125960654,5508500000.0,5607000000.0,5727000000.0,5915700000.0,401300000.0,474600000.0,377800000.0,350000000.0,6222000000.0,6069700000.0,6564300000.0,7278000000.0,1.38,1.64,1.37,1.3
O,1,1072311870.9534446,289834194.1861257,12632685076.479404,1.036019747627377,484581000.0,780209000.0,933505000.0,1023285000.0,159152000.0,245564000.0,270635000.0,283766000.0,5429348000.0,9924441000.0,11012622000.0,11865870000.0,0.86,1.06,1.04,1.09
OKE,1,7061974086.88799,288281430.0490053,14913721934.922873,1.48726478225585,10184121000.0,11871879000.0,12195091000.0,7763206000.0,360619000.0,266533000.0,314107000.0,244977000.0,15855275000.0,17741481000.0,15261773000.0,15446111000.0,1.75,1.29,1.5,1.17
ORLY,2,8558952075.431479,1045719982.0252401,6873360777.434079,11.08190804846169,6182184000.0,6649237000.0,7216081000.0,7966674000.0,585746000.0,670292000.0,778182000.0,931216000.0,5749187000.0,6067208000.0,6532083000.0,6676684000.0,4.83,6.14,7.46,9.32
OXY,2,12349613640.093582,-15097173236.387474,41592657892.942154,-17.793892961106188,20100000000.0,20170000000.0,19312000000.0,12480000000.0,4598000000.0,5903000000.0,630000000.0,-7829000000.0,64210000000.0,69443000000.0,56259000000.0,43437000000.0,5.67,7.33,0.79,-10.23
PBCT,0,1421620449.0877316,261539209.93865585,41701297222.08656,0.8615746785667417,1355300000.0,1346100000.0,1381400000.0,1421300000.0,245300000.0,232400000.0,251700000.0,260100000.0,30324400000.0,33213700000.0,35997100000.0,38877400000.0,0.72,0.74,0.84,0.86
PBI,0,3506873915.9393206,342335920.5625627,6084998156.379474,1.4568801086472436,3823713000.0,3791335000.0,3821504000.0,3578060000.0,445163000.0,142835000.0,333755000.0,407943000.0,7859891000.0,6772708000.0,6499702000.0,6141462000.0,2.22,0.71,1.65,2.04
PCAR,1,19343305522.58165,1766392123.3921714,21153512214.504745,5.119116559473323,16596800000.0,16661000000.0,18534400000.0,18671300000.0,1111600000.0,1171300000.0,1358800000.0,1604000000.0,18627800000.0,20725500000.0,20618800000.0,21109800000.0,3.13,3.31,3.83,4.52
PCLN,0,10004241784.370747,2716087949.9098864,20098507541.50094,50.35251709518326,5260956000.0,6793306000.0,8441971000.0,9223987000.0,1419566000.0,1892663000.0,2421753000.0,2551360000.0,6569742000.0,10444460000.0,14770977000.0,17420575000.0,28.48,37.17,46.3,50.09
PEG,1,10483306805.28876,1693240840.326977,39463355687.637505,3.2768541223701995,9781000000.0,9968000000.0,10886000000.0,10415000000.0,1275000000.0,1243000000.0,1518000000.0,1679000000.0,31725000000.0,32522000000.0,35287000000.0,37535000000.0,2.52,2.46,3.0,3.32
PFE,1,48308897117.66561,9424380072.89183,167083161817.19565,1.7091429651959256,54657000000.0,51584000000.0,49605000000.0,48851000000.0,14570000000.0,22003000000.0,9135000000.0,6960000000.0,185798000000.0,172101000000.0,167566000000.0,167460000000.0,1.96,3.23,1.44,1.13
PGR,1,22106962605.30884,1266504518.6948752,32164252253.13822,2.104647809013237,17083900000.0,18170900000.0,19391400000.0,20853800000.0,902300000.0,1165400000.0,1281000000.0,1267600000.0,22694700000.0,24408200000.0,25787600000.0,29819300000.0,1.5,1.95,2.17,2.16
PNC,0,16123540116.272215,4081057897.358029,375177774682.68866,7.4148383780939815,16606000000.0,16872000000.0,16281000000.0,16270000000.0,3001000000.0,4201000000.0,4184000000.0,4106000000.0,305107000000.0,320192000000.0,345072000000.0,358493000000.0,5.36,7.48,7.44,7.52
PNR,1,6202566656.583041,123458677.14203319,11804574162.321846,1.0335577307485961,4306800000.0,6999700000.0,7039000000.0,6449000000.0,-107200000.0,536800000.0,214900000.0,-76400000.0,11882700000.0,11743300000.0,10655200000.0,11857000000.0,-0.84,2.67,1.13,-0.42
PNW,1,3497202856.504171,436475979.45193684,15573829069.304836,3.743573618119502,3301804000.0,3454628000.0,3491632000.0,3495443000.0,413164000.0,406074000.0,397595000.0,437257000.0,13379615000.0,13508686000.0,14288890000.0,15028258000.0,3.48,3.69,3.59,3.94
PPL,0,7733615833.365606,1311091954.0438569,38824582336.99486,2.3517910868725362,12132000000.0,7263000000.0,7852000000.0,7669000000.0,1526000000.0,1130000000.0,1737000000.0,682000000.0,43634000000.0,46259000000.0,48606000000.0,39301000000.0,2.61,1.85,2.64,1.01
PRU,0,54452037842.05204,7711758562.514228,761841771037.1549,8.498986376689164,84847000000.0,41461000000.0,54105000000.0,57119000000.0,520000000.0,-667000000.0,1381000000.0,5642000000.0,709235000000.0,731781000000.0,766655000000.0,757388000000.0,-0.48,-1.55,-2.69,12.37
PSX,1,95088498815.7908,4797315864.020073,48444190632.057846,7.390413229528948,179290000000.0,171596000000.0,161212000000.0,98975000000.0,4124000000.0,3726000000.0,4762000000.0,4227000000.0,48073000000.0,49798000000.0,48692000000.0,48580000000.0,6.55,6.07,8.4,7.78
PWR,1,7852943551.060652,336019466.93003404,5098349953.212237,1.5631871780368973,5920269000.0,6411577000.0,7747229000.0,7572436000.0,322656000.0,421309000.0,315082000.0,321824000.0,5140757000.0,5793245000.0,6253583000.0,5213543000.0,1.44,1.87,1.35,1.59
PX,1,10687683184.119953,1540816392.6337557,18144296844.517193,5.224566956398579,11224000000.0,11925000000.0,12273000000.0,10776000000.0,1692000000.0,1755000000.0,1694000000.0,1547000000.0,18090000000.0,20255000000.0,19769000000.0,18319000000.0,5.67,5.94,5.79,5.39
RCL,1,8451200746.90574,581278145.1096966,21264985345.032776,2.2898332510266473,7688024000.0,7959894000.0,8073855000.0,8299074000.0,18287000.0,473692000.0,764146000.0,665783000.0,19827930000.0,20072947000.0,20713190000.0,20921855000.0,0.08,2.16,3.45,3.03
ROP,1,3664477314.6143837,766398129.0844206,11182437096.492943,6.848009224094468,2993489000.0,3238128000.0,3549494000.0,3582395000.0,483360000.0,538293000.0,646033000.0,696067000.0,7071104000.0,8184981000.0,8400185000.0,10168365000.0,4.95,5.43,6.47,6.92
RRC,1,937259810.3333068,892192728.9712499,6824474881.463451,3.379220012540584,1367135000.0,1832253000.0,2042537000.0,1181704000.0,13002000.0,115722000.0,634382000.0,-713685000.0,6728735000.0,7299086000.0,8704604000.0,6900031000.0,0.08,0.71,3.81,-4.29
SCG,1,4352205955.936155,852109164.2883338,17883066075.292843,6.207252719186449,4176000000.0,4495000000.0,4951000000.0,4380000000.0,420000000.0,471000000.0,538000000.0,746000000.0,14616000000.0,15164000000.0,16818000000.0,17146000000.0,3.2,3.4,3.79,5.22
SCHW,1,6707587176.215959,1618663073.4737172,200238944456.8967,1.0309855300601096,4883000000.0,5435000000.0,6058000000.0,6380000000.0,928000000.0,1071000000.0,1321000000.0,1447000000.0,133637000000.0,143642000000.0,154642000000.0,183718000000.0,0.69,0.78,0.96,1.04
SE,1,5185505835.528278,138166081.9929726,32820468705.544537,0.5115908267552038,5075000000.0,5518000000.0,5903000000.0,5234000000.0,940000000.0,1038000000.0,1082000000.0,196000000.0,30587000000.0,33533000000.0,33998000000.0,32923000000.0,1.44,1.55,1.61,0.29
SHW,0,11675265566.54875,1194254459.6978936,5566840017.386471,13.99725224399369,9534462000.0,10185532000.0,11129533000.0,11339304000.0,631034000.0,752561000.0,865887000.0,1053849000.0,6234737000.0,6382507000.0,5706052000.0,5791855000.0,6.15,7.41,8.95,11.38
SLG,0,1786513840.5075948,506356667.62525713,21659661775.77574,0.9209478966929625,1290052000.0,1371065000.0,1519978000.0,1662829000.0,196405000.0,135371000.0,518056000.0,284084000.0,14386296000.0,14959001000.0,17096587000.0,19857941000.0,1.75,0.39,0.59,1.02
SNI,0,3253549629.1567993,590146112.0810812,7475531788.595161,4.173611459766765,2307182000.0,2530809000.0,2665456000.0,3018227000.0,681478000.0,505070000.0,545275000.0,606828000.0,4138798000.0,4438447000.0,4657481000.0,6672314000.0,4.48,3.43,3.86,4.68
SO,0,17534875802.858818,2310714374.986374,83319944679.06374,2.259708214029292,16537000000.0,17087000000.0,18467000000.0,17489000000.0,2415000000.0,1710000000.0,2031000000.0,2421000000.0,63149000000.0,64546000000.0,70233000000.0,78318000000.0,2.7,1.88,2.19,2.6
SPG,1,5601189293.185537,2097919541.5427742,29344533139.893642,6.847397216435259,4256157000.0,4543849000.0,4870818000.0,5266103000.0,1719632000.0,1551590000.0,1651526000.0,2139375000.0,32586606000.0,33324574000.0,29532330000.0,30650673000.0,4.72,4.24,4.52,5.88
SRCL,1,3341808785.5839267,257858273.32992655,8188925155.374795,3.4841265608800986,1913149000.0,2142807000.0,2555601000.0,2985908000.0,267996000.0,311372000.0,326456000.0,267046000.0,3546738000.0,3887973000.0,4373302000.0,7077450000.0,3.14,3.62,3.84,3.02
SRE,1,10164342941.643406,1511144373.2395728,42688901595.286476,6.168691799080194,9647000000.0,10557000000.0,11035000000.0,10231000000.0,865000000.0,1009000000.0,1162000000.0,1350000000.0,36499000000.0,37244000000.0,39651000000.0,41150000000.0,3.56,4.1,4.72,5.43
STI,1,8574156413.728895,1906406001.5813632,196427139907.7318,3.1245651704624655,11240000000.0,8602000000.0,8707000000.0,8533000000.0,1958000000.0,1344000000.0,1774000000.0,1933000000.0,173442000000.0,175335000000.0,190328000000.0,190817000000.0,3.62,2.43,3.26,3.62
SWN,1,2984660069.668562,3741469719.19153,11692689419.007908,2.2586622747240517,2730000000.0,3371000000.0,4038000000.0,3133000000.0,-707000000.0,704000000.0,924000000.0,-4556000000.0,6737527000.0,8048000000.0,14925000000.0,8110000000.0,-2.03,2.01,2.63,2.01
SYF,1,14440277180.795687,2213234687.895639,94236001340.05453,2.773133336467528,10793000000.0,11813000000.0,12727000000.0,13620000000.0,2119000000.0,1979000000.0,2109000000.0,2214000000.0,53462000000.0,59085000000.0,75707000000.0,84135000000.0,2.72,2.72,2.78,2.66
T,0,153161651102.6756,9946549142.991526,444086136527.056,1.9247537164591466,127434000000.0,128752000000.0,132447000000.0,146801000000.0,7264000000.0,18418000000.0,6442000000.0,13345000000.0,272315000000.0,277787000000.0,296834000000.0,402672000000.0,1.25,3.39,1.19,2.37
TDC,1,2528100344.5392437,-37265832.57376814,2525400932.0046883,-1.3095311354620414,2665000000.0,2692000000.0,2732000000.0,2530000000.0,419000000.0,377000000.0,367000000.0,-214000000.0,3066000000.0,3096000000.0,3132000000.0,2530000000.0,2.49,2.31,2.36,-1.53
TGNA,1,2646574658.396214,925269506.279695,7532141207.167286,2.0909981321036337,5353197000.0,1603123000.0,2626141000.0,3050945000.0,424280000.0,388680000.0,1062171000.0,459522000.0,6379886000.0,9240706000.0,11242195000.0,8537758000.0,1.83,1.7,1.83,2.04
TMK,1,3765409775.0339084,537353545.5291531,20741602895.939255,4.432331434060848,3589516000.0,3494253000.0,3620095000.0,3766065000.0,529324000.0,528472000.0,542939000.0,527100000.0,18776910000.0,18191744000.0,20272259000.0,19853213000.0,5.48,5.76,4.15,4.21
TMO,0,18382060620.79743,2227793223.3949656,42942248333.658714,4.738286377575537,12509900000.0,13090300000.0,16889600000.0,16965400000.0,1177900000.0,1273300000.0,1894400000.0,1975400000.0,27444600000.0,31863400000.0,42852100000.0,40889000000.0,3.24,3.53,4.76,4.96
TRIP,0,1734196387.9395452,197010407.81111792,2400427047.111294,1.4719999680782765,763000000.0,945000000.0,1246000000.0,1492000000.0,194000000.0,205000000.0,226000000.0,198000000.0,1299194000.0,1473000000.0,1948000000.0,2128000000.0,1.39,1.44,1.58,1.38
TSCO,1,6743557802.5600195,443850113.00950235,2590408870.816086,2.9146762297611777,4664120000.0,5164784000.0,5711715000.0,6226507000.0,276457000.0,328234000.0,370885000.0,410395000.0,1706808000.0,1903391000.0,2034571000.0,2370826000.0,3.89,2.35,2.69,3.03
TSO,1,25844269482.00383,1470119173.8426368,16806067457.13716,15.216590464548496,29809000000.0,37601000000.0,40633000000.0,28711000000.0,743000000.0,412000000.0,843000000.0,1540000000.0,10702000000.0,13389000000.0,16491000000.0,16332000000.0,5.33,3.05,6.56,12.5
TSS,0,3107595731.877413,407785019.87220514,4218941304.108703,1.952444651840516,1793557000.0,2064305000.0,2446877000.0,2779541000.0,249923000.0,256597000.0,329406000.0,369041000.0,2023838000.0,3686568000.0,3733581000.0,3908300000.0,1.3,1.3,1.73,1.98
TXN,1,13204300325.231325,3259232234.723502,15346463865.183676,2.7988830589706195,12825000000.0,12205000000.0,13045000000.0,13000000000.0,1759000000.0,2162000000.0,2821000000.0,2986000000.0,20021000000.0,18938000000.0,17372000000.0,16230000000.0,1.53,1.94,2.61,2.86
UA,0,4668798163.641392,260890186.72946632,3292227112.2708926,1.201989086935349,1834921000.0,2332051000.0,3084370000.0,3963313000.0,128778000.0,162330000.0,208042000.0,232573000.0,1157083000.0,1577741000.0,2095083000.0,2868900000.0,1.23,1.54,0.98,1.08
UAA,0,4668798163.641392,260890186.72946632,3292227112.2708926,2.785,1834921000.0,2332051000.0,3084370000.0,3963313000.0,128778000.0,162330000.0,208042000.0,232573000.0,1157083000.0,1577741000.0,2095083000.0,2868900000.0,2.785,2.785,2.785,2.785
UAL,0,37841927656.28251,9062469338.807041,40765720237.07466,23.731745771293603,37152000000.0,38279000000.0,38901000000.0,37864000000.0,-723000000.0,571000000.0,1132000000.0,7340000000.0,37628000000.0,36812000000.0,36595000000.0,40861000000.0,-2.18,1.64,3.05,19.52
UDR,1,953687697.3920369,233083211.45326614,7657856973.059514,1.3346886119761843,716612000.0,758926000.0,818046000.0,894638000.0,212177000.0,44812000.0,154334000.0,340383000.0,6859103000.0,6807722000.0,6828728000.0,7663844000.0,0.85,0.16,0.6,1.3
UHS,0,9733630169.746239,758435151.0188677,10107248801.910011,7.536693544267736,6961400000.0,7367873000.0,8205088000.0,9043451000.0,443446000.0,510733000.0,545343000.0,680528000.0,8200843000.0,8311723000.0,8974443000.0,9634113000.0,4.57,5.21,5.52,6.89
UNM,1,10731266864.24188,702653465.834669,62361067231.73196,2.5260465582545213,10515400000.0,10368600000.0,10524500000.0,10731300000.0,894400000.0,847000000.0,402100000.0,867100000.0,62236100000.0,59403600000.0,62450200000.0,60589700000.0,3.18,3.24,1.62,3.51
UPS,1,59170260342.155266,3510947664.0839276,38111914771.991234,3.1973348228123983,54127000000.0,55438000000.0,58232000000.0,58363000000.0,807000000.0,4372000000.0,3032000000.0,4844000000.0,38863000000.0,36212000000.0,35440000000.0,38311000000.0,0.84,4.65,3.31,5.38
VLO,1,87118221156.69835,4450632960.928826,44200048659.89965,8.294080088703542,138393000000.0,138074000000.0,130844000000.0,87804000000.0,2083000000.0,2720000000.0,3630000000.0,3990000000.0,44477000000.0,47260000000.0,45550000000.0,44343000000.0,3.77,4.99,6.88,8.0
VMC,0,3705562773.521844,170485612.26880184,8126796436.946515,1.3459755792949901,2567310000.0,2770709000.0,2994169000.0,3422181000.0,-52593000.0,24382000.0,204923000.0,221177000.0,8126599000.0,8259143000.0,8041097000.0,8301632000.0,-0.41,0.19,1.56,1.66
VRSK,0,2286838423.8696504,565921290.4687316,5497541089.023264,3.753906833027541,1407848000.0,1595703000.0,1746726000.0,2068010000.0,329142000.0,348380000.0,400042000.0,507577000.0,2360336000.0,2504451000.0,2345330000.0,5615927000.0,1.98,2.07,2.41,3.07
VRSN,1,1086073474.319849,431526885.4291913,2548477799.9434457,2.8788099873248116,873592000.0,965087000.0,1010117000.0,1059366000.0,320032000.0,544450000.0,355260000.0,375236000.0,2062476000.0,2660767000.0,1901150000.0,2357737000.0,2.04,3.77,2.8,3.29
VRTX,1,907810452.4370998,-317406669.16033894,2472261410.809819,-1.645013143242394,1527042000.0,1211975000.0,580415000.0,1032336000.0,-107032000.0,-445028000.0,-738555000.0,-556334000.0,2759288000.0,2319041000.0,2334679000.0,2498875000.0,-0.5,-1.98,-3.14,-2.31
VZ,1,136771954737.69937,12911501688.826317,241783505869.76428,2.183191134459617,115846000000.0,120550000000.0,127079000000.0,131620000000.0,875000000.0,11497000000.0,9625000000.0,17879000000.0,225222000000.0,274098000000.0,232616000000.0,244640000000.0,0.31,4.01,2.42,4.38
WAT,1,2102382056.6908133,467866616.63501287,4617555873.507983,5.7,1843641000.0,1904218000.0,1989344000.0,2042332000.0,461443000.0,450003000.0,431620000.0,469053000.0,3168150000.0,3582629000.0,3874690000.0,4268677000.0,5.7,5.7,5.7,5.7
WEC,0,6479935531.088503,671323530.880242,29982545229.61539,2.4817544791539916,4246400000.0,4519000000.0,4997100000.0,5926100000.0,546300000.0,578600000.0,589500000.0,640300000.0,14285000000.0,14769400000.0,14905000000.0,29355200000.0,2.37,2.54,2.61,2.36
WFC,1,89975520860.43959,22922514522.821163,1908193137395.906,4.183437404131183,91247000000.0,88069000000.0,88372000000.0,90033000000.0,18897000000.0,21878000000.0,23057000000.0,22894000000.0,1422968000000.0,1523502000000.0,1687155000000.0,1787632000000.0,3.4,3.95,4.17,4.18
WLTW,1,3863900965.787802,214303347.89049253,18793601355.51749,2.785,3480000000.0,3655000000.0,3802000000.0,3829000000.0,-446000000.0,365000000.0,362000000.0,373000000.0,15112000000.0,14800000000.0,15421000000.0,18839000000.0,2.785,2.785,2.785,2.785
WMB,1,7679052984.7422,2271228042.105837,56306928774.95234,2.8933813292907202,7486000000.0,6860000000.0,7637000000.0,7360000000.0,859000000.0,430000000.0,2114000000.0,-571000000.0,24327000000.0,27142000000.0,50455000000.0,49020000000.0,1.39,0.63,2.94,-0.76
WU,0,5581199638.328724,841257246.7377044,9427550925.688105,1.5496104441983518,5664800000.0,5542000000.0,5607200000.0,5483700000.0,1025900000.0,798400000.0,852400000.0,837800000.0,9465700000.0,10121300000.0,9890400000.0,9458900000.0,1.7,1.43,1.6,1.63
WY,0,7011242678.593796,1712996303.587812,12309719286.881256,1.56960861354074,5989000000.0,7254000000.0,7403000000.0,7082000000.0,385000000.0,563000000.0,1826000000.0,506000000.0,12592000000.0,14577000000.0,13265000000.0,12486000000.0,0.71,0.95,3.2,0.89
WYN,0,5690630057.842257,681976338.3627062,9712191767.560884,5.823060757618256,4534000000.0,5009000000.0,5281000000.0,5536000000.0,400000000.0,432000000.0,529000000.0,612000000.0,9463000000.0,9741000000.0,9679000000.0,9716000000.0,2.8,3.25,4.22,5.18
WYNN,0,3940186735.872728,-108595100.23447752,11598603354.583492,-0.3919673243745523,5154284000.0,5620936000.0,5433661000.0,4075883000.0,502036000.0,728652000.0,731554000.0,195290000.0,7276594000.0,8377030000.0,9062861000.0,10522259000.0,4.87,7.25,7.25,1.93
XEC,1,1340326677.1291592,-6341854329.220921,5045672576.39552,-29.507301205094727,1623938000.0,1998051000.0,2424176000.0,1452619000.0,353823000.0,564689000.0,507204000.0,-2408948000.0,6305152000.0,7253135000.0,8708469000.0,5243286000.0,4.08,6.48,5.79,-25.92
XEL,1,11009171943.245235,989156154.7018721,41129936687.61262,1.931719182946792,10128223000.0,10914922000.0,11686135000.0,11024486000.0,905229000.0,948234000.0,1021306000.0,984485000.0,31140686000.0,33907490000.0,36957884000.0,39053535000.0,1.86,1.91,2.03,1.94
XL,1,9258255442.933073,324029932.1757345,56976165323.78871,1.1010954231195083,7232397000.0,7541234000.0,6602267000.0,9308926000.0,651128000.0,1059916000.0,188340000.0,1201560000.0,45386895000.0,45652887000.0,45046819000.0,58682938000.0,2.12,3.68,0.71,4.22
XOM,2,247278450587.2464,18956228418.700066,336270093032.6705,5.456810979363905,451509000000.0,420836000000.0,394105000000.0,259488000000.0,44880000000.0,32580000000.0,32520000000.0,16150000000.0,333795000000.0,346808000000.0,349493000000.0,336758000000.0,9.7,7.37,7.6,3.85
XRAY,1,2672130711.8177595,277366184.7526168,4366594263.947092,2.0188711360007763,2928429000.0,2950800000.0,2922600000.0,2674300000.0,314213000.0,313200000.0,322900000.0,251200000.0,4972297000.0,5078047000.0,4646500000.0,4402900000.0,2.22,2.2,2.28,1.79
XRX,1,17427374031.992714,455837133.4852518,23639405871.50489,0.059703939928254846,20421000000.0,20006000000.0,19540000000.0,18045000000.0,1195000000.0,1159000000.0,1013000000.0,474000000.0,30015000000.0,29036000000.0,27658000000.0,24817000000.0,0.9,0.93,0.82,0.42
XYL,1,3650078924.8688197,362480356.2203982,4648634766.238327,1.7063344707681583,3791000000.0,3837000000.0,3916000000.0,3653000000.0,297000000.0,228000000.0,337000000.0,340000000.0,4679000000.0,4896000000.0,4833000000.0,4657000000.0,1.6,1.23,1.84,1.88
YHOO,1,4946578613.208527,9024578491.427797,62529305343.44685,8.287668995181019,4986566000.0,4680380000.0,4618133000.0,4968301000.0,3945479000.0,1366281000.0,7521731000.0,-4359082000.0,17103253000.0,16804959000.0,61707336000.0,45203966000.0,3.31,1.3,7.61,-4.64
YUM,1,13158259654.561766,1213554366.8700118,7813665656.52159,3.1481359011965577,13633000000.0,13084000000.0,13279000000.0,13105000000.0,1597000000.0,1091000000.0,1051000000.0,1293000000.0,9013000000.0,8695000000.0,8334000000.0,8075000000.0,3.46,2.41,2.37,2.97
ZBH,1,6484556243.45266,92503795.93506509,36349855442.60614,0.030920029226825685,4471700000.0,4623400000.0,4673300000.0,5997800000.0,755000000.0,780400000.0,720300000.0,147000000.0,9012400000.0,9580600000.0,9658000000.0,27219500000.0,4.32,4.49,4.26,0.78
ZION,0,2313310699.3035197,390618835.082077,61050133506.631,0.9290504717581816,2458592000.0,2278812000.0,2361631000.0,2210591000.0,349516000.0,263791000.0,398462000.0,309471000.0,55511918000.0,56031127000.0,57208874000.0,59669525000.0,0.97,1.58,1.68,1.2
